ACFT_ID;Op Type;Flap_ID;B;C;D;R
A320-211;A;1_A;;;;0.061662
A320-211;A;2_D;;;;0.096267
A320-211;A;2_U;;;;0.067463
A320-211;A;3_D;;;0.385223;0.101204
A320-211;A;FULL_D;;;0.370520;0.115860
A320-211;A;ZERO_A;;;;0.057558
A320-211;D;1;;;;0.066827
A320-211;D;1+F;0.007701;0.394884;;0.071403
A320-211;D;ZERO;;;;0.056281
